{
  "hash": "f0c7f10e",
  "configHash": "cc68730b",
  "lockfileHash": "3d210dfa",
  "browserHash": "fb8e149a",
  "optimized": {
    "@angular/common": {
      "src": "../../../../../../node_modules/@angular/common/fesm2022/common.mjs",
      "file": "@angular_common.js",
      "fileHash": "01148c60",
      "needsInterop": false
    },
    "@angular/common/http": {
      "src": "../../../../../../node_modules/@angular/common/fesm2022/http.mjs",
      "file": "@angular_common_http.js",
      "fileHash": "4e82d384",
      "needsInterop": false
    },
    "@angular/core": {
      "src": "../../../../../../node_modules/@angular/core/fesm2022/core.mjs",
      "file": "@angular_core.js",
      "fileHash": "9e7fa9da",
      "needsInterop": false
    },
    "@angular/platform-browser": {
      "src": "../../../../../../node_modules/@angular/platform-browser/fesm2022/platform-browser.mjs",
      "file": "@angular_platform-browser.js",
      "fileHash": "8913cbe8",
      "needsInterop": false
    },
    "@angular/router": {
      "src": "../../../../../../node_modules/@angular/router/fesm2022/router.mjs",
      "file": "@angular_router.js",
      "fileHash": "e27a31a0",
      "needsInterop": false
    },
    "rxjs": {
      "src": "../../../../../../node_modules/rxjs/dist/esm5/index.js",
      "file": "rxjs.js",
      "fileHash": "8666d392",
      "needsInterop": false
    }
  },
  "chunks": {
    "chunk-7LFQLCEG": {
      "file": "chunk-7LFQLCEG.js"
    },
    "chunk-K7AXHIDZ": {
      "file": "chunk-K7AXHIDZ.js"
    },
    "chunk-3SE5A5SN": {
      "file": "chunk-3SE5A5SN.js"
    },
    "chunk-Q6DORZVQ": {
      "file": "chunk-Q6DORZVQ.js"
    },
    "chunk-S35MAB2V": {
      "file": "chunk-S35MAB2V.js"
    }
  }
}